Built,n,prop
3.5.0,26,0.11555555555555555
3.5.1,159,0.7066666666666667
3.5.2,40,0.17777777777777778
